<?xml version="1.0" encoding="utf-8" ?>

<!-- ================ Daemonettes ========================== -->
<Defs>
  <AlienRace.ThingDef_AlienRace ParentName="BasePawn">
    <defName>Alien_HornedSkaven</defName>
    <label>horned skaven</label>
    <description>A skaven with horns are blessed by the horned rat. They stand atop of the hierarchy, leading the councils with visions and advise.</description>
    <alienRace>
      <generalSettings>
        <maleGenderProbability>0.9</maleGenderProbability>

        <!-- ================ Traits ========================== -->

        <forcedRaceTraitEntries>
          <li>
            <defName>Nimble</defName>
            <chance>10</chance>
          </li>
          <li>
            <defName>Tough</defName>
            <chance>10</chance>
          </li>
          <li>
            <defName>Jealous</defName>
            <chance>10</chance>
          </li>
          <li>
            <defName>Greedy</defName>
            <chance>10</chance>
          </li>
          <li>
            <defName>Undergrounder</defName>
            <chance>20</chance>
          </li>
        </forcedRaceTraitEntries>

        <disallowedTraits>
          <li>Transhumanist</li>
          <li>BodyPurist</li>
          <li>Cannibal</li>
          <li>Kind</li>
        </disallowedTraits>

        <factionRelations>
          <li>
            <factions>
              <li>UnderEmpireFaction</li>
            </factions>
            <goodwill>
              <min>50</min>
              <max>75</max>
            </goodwill>
          </li>
          <li>
            <factions>
              <li>DeathjacksFaction</li>
            </factions>
            <goodwill>
              <min>-100</min>
              <max>-100</max>
            </goodwill>
          </li>
        </factionRelations>

        <humanRecipeImport>true</humanRecipeImport>
        <useOnlyPawnkindBackstories>true</useOnlyPawnkindBackstories>

        <!-- ================ Part Generator ========================== -->

        <alienPartGenerator>
          <customHeadDrawSize>(1, 1)</customHeadDrawSize>
          <headOffset>(0.0, 0.0)</headOffset>
          <aliencrowntypes>
            <li>Average</li>
            <li>Hairy</li>
          </aliencrowntypes>
          <alienbodytypes>
            <li>Male</li>
            <li>Thin</li>
          </alienbodytypes>
          <useGenderedHeads>false</useGenderedHeads>
          <useGenderedBodies>false</useGenderedBodies>
          <bodyAddons>
            <li>
              <drawSize>1</drawSize>
              <path>Things/Pawn/SkavenTail/RatTail</path>
              <bodyPart>SkavenTail</bodyPart>
              <inFrontOfBody>true</inFrontOfBody>
              <useSkinColor>true</useSkinColor>
              <drawnInBed>false</drawnInBed>
              <offsets>
                <south>
                  <bodyTypes>
                    <Male>(0,0)</Male>
                    <Thin>(0,-0)</Thin>
                  </bodyTypes>
                  <crownTypes>
                    <Normal_Average>(0,0)</Normal_Average>
                  </crownTypes>
                </south>
                <north>
                  <bodyTypes>
                    <Male>(0,0.5)</Male>
                    <Thin>(0,0.5)</Thin>
                  </bodyTypes>
                  <crownTypes>
                    <Normal_Average>(0,0)</Normal_Average>
                  </crownTypes>
                </north>
                <east>
                  <bodyTypes>
                    <Male>(-0.4,0.25)</Male>
                    <Thin>(-0.4,0.25)</Thin>
                  </bodyTypes>
                  <crownTypes>
                    <Normal_Average>(0,0)</Normal_Average>
                  </crownTypes>
                </east>
              </offsets>
            </li>
            <li>
              <drawSize>1.0</drawSize>
              <path>Things/Skaven/SkavenHorns/LeftHorn</path>
              <bodyPart>LeftSkavenHorn</bodyPart>
              <inFrontOfBody>true</inFrontOfBody>
              <useSkinColor>false</useSkinColor>
              <drawnInBed>true</drawnInBed>
              <offsets>
                <south>
                  <bodyTypes>
                    <Thin>(-0.42,0.56)</Thin>
                    <Male>(-0.42,0.56)</Male>
                  </bodyTypes>
                  <crownTypes>
                    <Average>(0.0,0.0)</Average>
                  </crownTypes>
                </south>
                <north>
                  <bodyTypes>
                    <Thin>(-0.00,0.80)</Thin>
                    <Male>(-0.00,0.80)</Male>
                  </bodyTypes>
                  <crownTypes>
                    <Average>(0.0,0.0)</Average>
                  </crownTypes>
                </north>
                <east>
                  <bodyTypes>
                    <Thin>(-0.45,0.55)</Thin>
                    <Male>(-0.45,0.55)</Male>
                  </bodyTypes>
                  <crownTypes>
                    <Average>(0.0,0.0)</Average>
                  </crownTypes>
                </east>
              </offsets>
            </li>
            <li>
              <drawSize>1.0</drawSize>
              <path>Things/Skaven/SkavenHorns/RightHorn</path>
              <bodyPart>RightSkavenHorn</bodyPart>
              <inFrontOfBody>true</inFrontOfBody>
              <useSkinColor>false</useSkinColor>
              <drawnInBed>true</drawnInBed>
              <offsets>
                <south>
                  <bodyTypes>
                    <Thin>(-0.44,0.56)</Thin>
                    <Male>(-0.44,0.56)</Male>
                  </bodyTypes>
                  <crownTypes>
                    <Average>(0.0,0.0)</Average>
                  </crownTypes>
                </south>
                <north>
                  <bodyTypes>
                    <Thin>(0.02,0.80)</Thin>
                    <Male>(0.02,0.80)</Male>
                  </bodyTypes>
                  <crownTypes>
                    <Average>(0.0,0.0)</Average>
                  </crownTypes>
                </north>
                <east>
                  <bodyTypes>
                    <Thin>(-0.45,0.55)</Thin>
                    <Male>(-0.45,0.55)</Male>
                  </bodyTypes>
                  <crownTypes>
                    <Average>(0.0,0.0)</Average>
                  </crownTypes>
                </east>
              </offsets>
            </li>
          </bodyAddons>
          <alienskincolorgen Class="ColorGenerator_Options">
            <options>
              <li>
                <weight>10</weight>
                <only>RGBA(1.0,1.0,1.0,1)</only>
              </li>
              <li>
                <weight>10</weight>
                <only>RGBA(0.5,0.5,0.5,1)</only>
              </li>
              <li>
                <weight>10</weight>
                <only>RGBA(0.6,0.3,0.0,1)</only>
              </li>          
            </options>
          </alienskincolorgen>
        </alienPartGenerator>       
      </generalSettings>

      <raceRestriction>
        <apparelList>
          <li>Apparel_SkavenClothHood</li>
          <li>Apparel_SkavenHelmet</li>
          <li>Apparel_SkavenGasMask</li>
        </apparelList>
        <onlyUseRaceRestrictedApparel>false</onlyUseRaceRestrictedApparel>
      </raceRestriction>

      <!-- ================ Graphic Path & Hair ========================== -->

      <graphicPaths>
        <li>
          <body>Things/Pawn/Skaven/Bodies/</body>
          <head>Things/Skaven/Head/</head>
        </li>
      </graphicPaths>

      <hairSettings>
        <hasHair>false</hasHair>
      </hairSettings>

      <!-- ================ Thoughts ========================== -->

      <thoughtSettings>
        <replacerList>
          <li>
            <original>KnowColonistDied</original>
            <replacer>SkavenKnowColonistDied</replacer>
          </li>
          <li>
            <original>PawnWithGoodOpinionDied</original>
            <replacer>SkavenPawnWithGoodOpinionDied</replacer>
          </li>
          <li>
            <original>PawnWithBadOpinionDied</original>
            <replacer>SkavenPawnWithBadOpinionDied</replacer>
          </li>
          <li>
            <original>MySonDied</original>
            <replacer>SkavenMySonDied</replacer>
          </li>
          <li>
            <original>MyDaughterDied</original>
            <replacer>SkavenMyDaughterDied</replacer>
          </li>
          <li>
            <original>MyHusbandDied</original>
            <replacer>SkavenMyHusbandDied</replacer>
          </li>
          <li>
            <original>MyWifeDied</original>
            <replacer>SkavenMyWifeDied</replacer>
          </li>
          <li>
            <original>MyFianceDied</original>
            <replacer>SkavenMyFianceDied</replacer>
          </li>
          <li>
            <original>MyFianceeDied</original>
            <replacer>SkavenMyFianceeDied</replacer>
          </li>
          <li>
            <original>MyLoverDied</original>
            <replacer>SkavenMyLoverDied</replacer>
          </li>
          <li>
            <original>MyBrotherDied</original>
            <replacer>SkavenMyBrotherDied</replacer>
          </li>
          <li>
            <original>MySisterDied</original>
            <replacer>SkavenMySisterDied</replacer>
          </li>
          <li>
            <original>MyGrandchildDied</original>
            <replacer>SkavenMyGrandchildDied</replacer>
          </li>
          <li>
            <original>MyFatherDied</original>
            <replacer>SkavenMyFatherDied</replacer>
          </li>
          <li>
            <original>MyMotherDied</original>
            <replacer>SkavenMyMotherDied</replacer>
          </li>
          <li>
            <original>MyNieceDied</original>
            <replacer>SkavenMyNieceDied</replacer>
          </li>
          <li>
            <original>MyNephewDied</original>
            <replacer>SkavenMyNephewDied</replacer>
          </li>
          <li>
            <original>MyHalfSiblingDied</original>
            <replacer>SkavenMyHalfSiblingDied</replacer>
          </li>
          <li>
            <original>MyAuntDied</original>
            <replacer>SkavenMyAuntDied</replacer>
          </li>
          <li>
            <original>MyUncleDied</original>
            <replacer>SkavenMyUncleDied</replacer>
          </li>
          <li>
            <original>MyGrandparentDied</original>
            <replacer>SkavenMyGrandparentDied</replacer>
          </li>
          <li>
            <original>MyCousinDied</original>
            <replacer>SkavenMyCousinDied</replacer>
          </li>
          <li>
            <original>MyKinDied</original>
            <replacer>SkavenMyKinDied</replacer>
          </li>
          <li>
            <original>GotMarried</original>
            <replacer>SkavenGotMarried</replacer>
          </li>
          <li>
            <original>AttendedWedding</original>
            <replacer>SkavenAttendedWedding</replacer>
          </li>
          <li>
            <original>AttendedParty</original>
            <replacer>SkavenAttendedParty</replacer>
          </li>
          <li>
            <original>SleepDisturbed</original>
            <replacer>SkavenSleepDisturbed</replacer>
          </li>
          <li>
            <original>NewColonyOptimism</original>
            <replacer>SkavenNewColonyOptimism</replacer>
          </li>
          <li>
            <original>NewColonyHope</original>
            <replacer>SkavenNewColonyHope</replacer>
          </li>
          <li>
            <original>MyOrganHarvested</original>
            <replacer>SkavenMyOrganHarvested</replacer>
          </li>
          <li>
            <original>WasImprisoned</original>
            <replacer>SkavenWasImprisoned</replacer>
          </li>
          <li>
            <original>KnowBuriedInSarcophagus</original>
            <replacer>SkavenKnowBuriedInSarcophagus</replacer>
          </li>
          <li>
            <original>WitnessedDeathFamily</original>
            <replacer>SkavenWitnessedDeathFamily</replacer>
          </li>
          <li>
            <original>DefeatedHostileFactionLeader</original>
            <replacer>SkavenDefeatedHostileFactionLeader</replacer>
          </li>
          <li>
            <original>InsultedMood</original>
            <replacer>SkavenInsultedMood</replacer>
          </li>
          <li>
            <original>KindWordsMood</original>
            <replacer>SkavenKindWordsMood</replacer>
          </li>
          <li>
            <original>RebuffedMyRomanceAttemptMood</original>
            <replacer>SkavenRebuffedMyRomanceAttemptMood</replacer>
          </li>
          <li>
            <original>FailedRomanceAttemptOnMeLowOpinionMood</original>
            <replacer>SkavenFailedRomanceAttemptOnMeLowOpinionMood</replacer>
          </li>
          <li>
            <original>BrokeUpWithMeMood</original>
            <replacer>SkavenBrokeUpWithMeMood</replacer>
          </li>
          <li>
            <original>CheatedOnMeMood</original>
            <replacer>SkavenCheatedOnMeMood</replacer>
          </li>
          <li>
            <original>DivorcedMeMood</original>
            <replacer>SkavenDivorcedMeMood</replacer>
          </li>
          <li>
            <original>RejectedMyProposalMood</original>
            <replacer>SkavenRejectedMyProposalMood</replacer>
          </li>
        </replacerList>
        <cannotReceiveThoughts>
          <li>RescuedRelative</li>
          <li>FailedToRescueRelative</li>
          <li>PrisonerBanishedToDie</li>
          <li>ColonistBanishedToDie</li>
          <li>ColonistBanished</li>
          <li>WitnessedDeathNonAlly</li>
          <li>WitnessedDeathAlly</li>
          <li>KnowPrisonerSold</li>
          <li>KnowColonistExecuted</li>
          <li>KnowGuestExecuted</li>
          <li>NeedBeauty</li>
          <li>NeedOutdoors</li>
          <li>NeedRoomSize</li>
          <li>KnowPrisonerDiedInnocent</li>
          <li>ExecutedPrisoner</li>
          <li>AteRawHumanlikeMeat</li>
          <li>ButcheredHumanlikeCorpseOpinion</li>
          <li>Ugly</li>
          <li>Disfigured</li>
          <li>Incestuous</li>
          <li>AteKibble</li>
          <li>AteRawFood</li>
          <li>KnowGuestOrganHarvested</li>
          <li>KnowColonistOrganHarvested</li>
          <li>Naked</li>
          <li>ButcheredHumanlikeCorpse</li>
          <li>KnowButcheredHumanlikeCorpse</li>
          <li>ObservedLayingCorpse</li>
          <li>ObservedLayingRottingCorpse</li>
          <li>AteCorpse</li>
          <li>AteHumanlikeMeatAsIngredient</li>
          <li>AteHumanlikeMeatDirect</li>
          <li>HumanLeatherApparelSad</li>
          <li>AteWithoutTable</li>
          <li>PrisonerBanishedToDie</li>
          <li>AteAwfulMeal</li>
          <li>AteHumanlikeMeatDirectCannibal</li>
          <li>AteHumanlikeMeatAsIngredientCannibal</li>
          <li>AteInsectMeatDirect</li>
          <li>AteInsectMeatAsIngredient</li>
          <li>AteRottenFood</li>
          <li>KnowButcheredHumanlikeCorpse</li>
          <li>EnvironmentDark</li>
          <li>ApparelDamaged</li>
          <li>DeadMansApparel</li>
          <li>HumanLeatherApparelHappy</li>
          <li>ColonistLeftUnburied</li>
          <li>SkavenKnowColonistDied</li>
		  <li>SkavenPawnWithGoodOpinionDied</li>
		  <li>SkavenWitnessedDeathFamily</li>
		  <li>SkavenSleepDisturbed</li>
		  <li>SleptInBarracks</li>
        </cannotReceiveThoughts>
      </thoughtSettings>
      
    </alienRace>

    <!-- ================ Stats ========================== -->

    <statBases>
      <PsychicSensitivity>1</PsychicSensitivity>
      <PainShockThreshold>1.3</PainShockThreshold>
      <ImmunityGainSpeed>1.6</ImmunityGainSpeed>
      <GlobalLearningFactor>1.2</GlobalLearningFactor>
      <ToxicSensitivity>0.5</ToxicSensitivity>
      <MarketValue>2500</MarketValue>
      <MoveSpeed>4.7</MoveSpeed>
      <Flammability>1</Flammability>
      <ComfyTemperatureMin>-6</ComfyTemperatureMin>
      <ComfyTemperatureMax>28</ComfyTemperatureMax>
      <LeatherAmount>35</LeatherAmount>
      <SmoothingSpeed>1.4</SmoothingSpeed>
      <ConstructionSpeed>1</ConstructionSpeed>
      <ResearchSpeed>1.4</ResearchSpeed>
      <MiningSpeed>1</MiningSpeed>
      <SocialImpact>1.2</SocialImpact>
      <MeleeDodgeChance>1.2</MeleeDodgeChance>
      <ArmorRating_Blunt>0.10</ArmorRating_Blunt>
      <ArmorRating_Sharp>0.15</ArmorRating_Sharp>
      <ArmorRating_Heat>0</ArmorRating_Heat>
    </statBases>

    <!-- ================ Tools ========================== -->

    <tools>
      <li>
        <label>left claw</label>
        <capacities>
          <li>Scratch</li>
        </capacities>
        <power>9</power>
        <cooldownTime>2</cooldownTime>
        <linkedBodyPartsGroup>LeftHand</linkedBodyPartsGroup>
        <surpriseAttack>
          <extraMeleeDamages>
            <li>
              <def>Stun</def>
              <amount>14</amount>
            </li>
          </extraMeleeDamages>
        </surpriseAttack>
      </li>
      <li>
        <label>right claw</label>
        <capacities>
          <li>Scratch</li>
        </capacities>
        <power>9</power>
        <cooldownTime>2</cooldownTime>
        <linkedBodyPartsGroup>RightHand</linkedBodyPartsGroup>
        <surpriseAttack>
          <extraMeleeDamages>
            <li>
              <def>Stun</def>
              <amount>14</amount>
            </li>
          </extraMeleeDamages>
        </surpriseAttack>
      </li>
      <li>
        <label>teeth</label>
        <capacities>
          <li>Bite</li>
        </capacities>
        <power>15.0</power>
        <cooldownTime>2</cooldownTime>
        <linkedBodyPartsGroup>Teeth</linkedBodyPartsGroup>
      </li>
    </tools>

    <!-- ================ Race ========================== -->

    <race>
      <useMeatFrom>Alien_Skaven</useMeatFrom>
      <baseHungerRate>1</baseHungerRate>
      <nameGenerator>NamerSkaven</nameGenerator>
      <thinkTreeMain>Humanlike</thinkTreeMain>
      <thinkTreeConstant>HumanlikeConstant</thinkTreeConstant>
      <intelligence>Humanlike</intelligence>
      <makesFootprints>true</makesFootprints>
      <lifeExpectancy>100</lifeExpectancy>
      <nameCategory>HumanStandard</nameCategory>
      <body>SkavenHorned</body>
      <baseBodySize>1</baseBodySize>
      <baseHealthScale>1.2</baseHealthScale>
      <foodType>OmnivoreAnimal, OvivoreAnimal</foodType>
      <leatherDef>Leather_Light</leatherDef>
      <gestationPeriodDays>15</gestationPeriodDays>
      <litterSizeCurve>
        <points>
          <li>(0.5, 0)</li>
          <li>(1, .40)</li>
          <li>(2, .30)</li>
          <li>(3, .20)</li>
          <li>(4, .10)</li>
          <li>(5, 0)</li>
        </points>
      </litterSizeCurve>
      <lifeStageAges>
        <li>
          <def>HumanlikeBaby</def>
          <minAge>0</minAge>
          <soundWounded>Pawn_Boomrat_Wounded</soundWounded>
          <soundDeath>Pawn_Boomrat_Death</soundDeath>
          <soundCall>Pawn_Boomrat_Call</soundCall>
          <soundAngry>Pawn_Boomrat_Angry</soundAngry>
        </li>
        <li>
          <def>HumanlikeToddler</def>
          <minAge>1</minAge>
          <soundWounded>Pawn_Boomrat_Wounded</soundWounded>
          <soundDeath>Pawn_Boomrat_Death</soundDeath>
          <soundCall>Pawn_Boomrat_Call</soundCall>
          <soundAngry>Pawn_Boomrat_Angry</soundAngry>
        </li>
        <li>
          <def>HumanlikeChild</def>
          <minAge>2</minAge>
          <soundWounded>Pawn_Boomrat_Wounded</soundWounded>
          <soundDeath>Pawn_Boomrat_Death</soundDeath>
          <soundCall>Pawn_Boomrat_Call</soundCall>
          <soundAngry>Pawn_Boomrat_Angry</soundAngry>
        </li>
        <li>
          <def>HumanlikeTeenager</def>
          <minAge>5</minAge>
          <soundWounded>Pawn_Boomrat_Wounded</soundWounded>
          <soundDeath>Pawn_Boomrat_Death</soundDeath>
          <soundCall>Pawn_Boomrat_Call</soundCall>
          <soundAngry>Pawn_Boomrat_Angry</soundAngry>
        </li>
        <li>
          <def>HumanlikeAdult</def>
          <minAge>10</minAge>
          <soundWounded>Pawn_Boomrat_Wounded</soundWounded>
          <soundDeath>Pawn_Boomrat_Death</soundDeath>
          <soundCall>Pawn_Boomrat_Call</soundCall>
          <soundAngry>Pawn_Boomrat_Angry</soundAngry>
        </li>
      </lifeStageAges>
      <soundMeleeHitPawn>Pawn_Melee_SmallScratch_HitPawn</soundMeleeHitPawn>
      <soundMeleeHitBuilding>Pawn_Melee_SmallScratch_HitBuilding</soundMeleeHitBuilding>
      <soundMeleeMiss>Pawn_Melee_SmallScratch_Miss</soundMeleeMiss>
      <specialShadowData>
        <volume>(0.3, 0.8, 0.4)</volume>
        <offset>(0,0,-0.3)</offset>
      </specialShadowData>
      <hediffGiverSets>
        <li>OrganicStandard</li>
        <li>Human</li>
      </hediffGiverSets>
    </race>
    <recipes>
      <li>InstallArchotechEye</li>
      <li>InstallArchotechArm</li>
      <li>InstallArchotechLeg</li>
      <li>InstallPowerClaw</li>
      <li>InstallBionicEye</li>
      <li>InstallBionicArm</li>
      <li>InstallBionicLeg</li>
      <li>InstallBionicSpine</li>
      <li>InstallBionicHeart</li>
      <li>InstallBionicStomach</li>
      <li>InstallBionicEar</li>
      <li>InstallSimpleProstheticArm</li>
      <li>InstallSimpleProstheticLeg</li>
      <li>InstallSimpleProstheticHeart</li>
      <li>InstallCochlearImplant</li>
      <li>InstallPegLeg</li>
      <li>InstallWoodenFoot</li>
      <li>InstallDenture</li>
      <li>InstallJoywire</li>
      <li>InstallPainstopper</li>
      <li>InstallNaturalHeart</li>
      <li>InstallNaturalLung</li>
      <li>InstallNaturalKidney</li>
      <li>InstallNaturalLiver</li>
      <li>ExciseCarcinoma</li>
      <li>AdministerMechSerumHealer</li>
      <li>RemoveBodyPart</li>
      <li>Euthanize</li>
      <li>Anesthetize</li>
    </recipes>

  </AlienRace.ThingDef_AlienRace>
</Defs>