<?xml version="1.0" encoding="utf-8" ?>
<Defs>

  <ThingDef ParentName="BaseMeleeWeapon_Sharp_Quality">
    <defName>War_Spear</defName>
    <label>War Spear</label>
    <description>A short and nasty looking weapon of ancient design. Good for stabbing or slashing. It's light and nimble, which sometimes lets it beat bigger, heavier weapons.</description>
    <graphicData>
      <texPath>Things/Weapons/Melee/War_Spear</texPath>
      <graphicClass>Graphic_Single</graphicClass>
      <shaderType>CutoutComplex</shaderType>
    </graphicData>
    <techLevel>Neolithic</techLevel>
    <costStuffCount>50</costStuffCount>
    <weaponTags>
      <li>MedievalMeleeBasic</li>
      <li>NeolithicMeleeBasic</li>
    </weaponTags>
    <statBases>
      <WorkToMake>8000</WorkToMake>
      <Mass>0.85</Mass>
    </statBases>
    <equippedStatOffsets>
      <MeleeHitChance>0.10</MeleeHitChance>
    </equippedStatOffsets>
    <equippedAngleOffset>-65</equippedAngleOffset>
    <stuffCategories>
      <li>Metallic</li>
      <li>Woody</li>
    </stuffCategories>
    <tools>
      <li>
        <label>point</label>
        <capacities>
          <li>Stab</li>
        </capacities>
        <power>12</power>
        <cooldownTime>1.4</cooldownTime>
        <armorPenetration>0.50</armorPenetration>
      </li>
      <li>
        <label>edge</label>
        <capacities>
          <li>Cut</li>
        </capacities>
        <power>11</power>
        <cooldownTime>2</cooldownTime>
      </li>
    </tools>
    <recipeMaker>
      <skillRequirements>
        <Crafting>3</Crafting>
      </skillRequirements>
    </recipeMaker>
  </ThingDef>


  <ThingDef ParentName="BaseMeleeWeapon_Sharp_Quality">
    <defName>War_Axe</defName>
    <label>War Axe</label>
    <description>A large piece of sharpened metal stuck to a wooden piece. One might even call it an axe</description>
    <graphicData>
      <texPath>Things/Weapons/Melee/War_Axe</texPath>
      <graphicClass>Graphic_Single</graphicClass>
      <shaderType>CutoutComplex</shaderType>
    </graphicData>
    <techLevel>Neolithic</techLevel>
    <weaponTags>
      <li>NeolithicMeleeAdvanced</li>
      <li>MedievalMeleeAdvanced</li>
    </weaponTags>
    <costStuffCount>75</costStuffCount>
    <statBases>
      <WorkToMake>12000</WorkToMake>
      <Mass>2</Mass>
    </statBases>
    <equippedAngleOffset>-25</equippedAngleOffset>
    <stuffCategories>
      <li>Metallic</li>
    </stuffCategories>
    <tools>
      <li>
        <label>shaft</label>
        <capacities>
          <li>Blunt</li>
          <li>Poke</li>
        </capacities>
        <power>13</power>
        <cooldownTime>2.6</cooldownTime>
      </li>
      <li>
        <label>blade</label>
        <capacities>
          <li>Cut</li>
        </capacities>
        <power>28</power>
        <armorPenetration>0.50</armorPenetration>
        <cooldownTime>2.6</cooldownTime>
      </li>
    </tools>
    <recipeMaker>
      <researchPrerequisite>LongBlades</researchPrerequisite>
      <skillRequirements>
        <Crafting>4</Crafting>
      </skillRequirements>
    </recipeMaker>
  </ThingDef>

  <ThingDef ParentName="BaseMeleeWeapon_Sharp_Quality">
    <defName>Gripper_Sword</defName>
    <label>Gripper Sword</label>
    <description>A sword of goblin design, can be used for slashing or stabbing.</description>
    <graphicData>
      <texPath>Things/Weapons/Melee/Gripper_Sword</texPath>
      <graphicClass>Graphic_Single</graphicClass>
      <shaderType>CutoutComplex</shaderType>
    </graphicData>
    <techLevel>Medieval</techLevel>
    <weaponTags>
      <li>MedievalMeleeAdvanced</li>
    </weaponTags>
    <costStuffCount>100</costStuffCount>
    <statBases>
      <WorkToMake>18000</WorkToMake>
      <Mass>1.6</Mass>
    </statBases>
    <equippedAngleOffset>-65</equippedAngleOffset>
    <stuffCategories>
      <li>Metallic</li>
    </stuffCategories>
    <tools>
      <li>
        <label>handle</label>
        <capacities>
          <li>Blunt</li>
        </capacities>
        <power>9</power>
        <cooldownTime>2</cooldownTime>
      </li>
      <li>
        <label>point</label>
        <capacities>
          <li>Stab</li>
        </capacities>
        <power>17</power>
        <cooldownTime>2.6</cooldownTime>
      </li>
      <li>
        <label>edge</label>
        <capacities>
          <li>Cut</li>
        </capacities>
        <power>23</power>
        <cooldownTime>2.4</cooldownTime>
      </li>
    </tools>
    <recipeMaker>
      <researchPrerequisite>LongBlades</researchPrerequisite>
      <skillRequirements>
        <Crafting>5</Crafting>
      </skillRequirements>
    </recipeMaker>
  </ThingDef>

  <ThingDef ParentName="BaseMeleeWeapon_Sharp_Quality">
    <defName>Pronged_Sword</defName>
    <label>Pronged Sword</label>
    <description>A sword of goblin design, can be used for slashing or stabbing.</description>
    <graphicData>
      <texPath>Things/Weapons/Melee/Pronged_Sword</texPath>
      <graphicClass>Graphic_Single</graphicClass>
      <shaderType>CutoutComplex</shaderType>
    </graphicData>
    <techLevel>Medieval</techLevel>
    <weaponTags>
      <li>MedievalMeleeAdvanced</li>
    </weaponTags>
    <costStuffCount>100</costStuffCount>
    <statBases>
      <WorkToMake>18000</WorkToMake>
      <Mass>1.6</Mass>
    </statBases>
    <equippedAngleOffset>-65</equippedAngleOffset>
    <stuffCategories>
      <li>Metallic</li>
    </stuffCategories>
    <tools>
      <li>
        <label>handle</label>
        <capacities>
          <li>Blunt</li>
        </capacities>
        <power>9</power>
        <cooldownTime>2</cooldownTime>
      </li>
      <li>
        <label>point</label>
        <capacities>
          <li>Stab</li>
        </capacities>
        <power>17</power>
        <cooldownTime>2.6</cooldownTime>
      </li>
      <li>
        <label>edge</label>
        <capacities>
          <li>Cut</li>
        </capacities>
        <power>23</power>
        <cooldownTime>2.4</cooldownTime>
      </li>
    </tools>
    <recipeMaker>
      <researchPrerequisite>LongBlades</researchPrerequisite>
      <skillRequirements>
        <Crafting>5</Crafting>
      </skillRequirements>
    </recipeMaker>
  </ThingDef>

<!-- Bladed Spear -->

  <ThingDef ParentName="BaseMeleeWeapon_Sharp_Quality">
    <defName>SU_MeleeWeapon_BladedSpear</defName>
    <label>Bladed Spear</label>
    <description>Wield the mighty spear, yes yes!</description>
    <graphicData>
      <texPath>Things/Weapons/Melee/BladedSpear</texPath>
      <graphicClass>Graphic_Single</graphicClass>
    <shaderType>CutoutComplex</shaderType>
    </graphicData>
    <techLevel>Medieval</techLevel>
    <costList>
      <WoodLog>25</WoodLog>
    </costList>
    <costStuffCount>40</costStuffCount>
    <statBases>
      <WorkToMake>8000</WorkToMake>
      <Mass>4</Mass>
      <AccuracyTouch>0.7</AccuracyTouch>
      <AccuracyShort>0.7</AccuracyShort>
      <AccuracyMedium>0.7</AccuracyMedium>
      <AccuracyLong>0.6</AccuracyLong>
      <RangedWeapon_Cooldown>1.8</RangedWeapon_Cooldown>
    </statBases>
    <equippedAngleOffset>-65</equippedAngleOffset>
    <recipeMaker>
      <skillRequirements>
        <Crafting>4</Crafting>
      </skillRequirements>
      <researchPrerequisite>SkavenWeaponsTwo</researchPrerequisite>
    </recipeMaker>
    <stuffCategories>
      <li>Metallic</li>
    </stuffCategories>
    <weaponTags>
      <li>SkavenStormvermin</li>
    </weaponTags>
    <verbs>
      <li>
        <verbClass>Verb_Shoot</verbClass>
        <hasStandardCommand>true</hasStandardCommand>
        <defaultProjectile>Skaven_BardicheStab</defaultProjectile>
        <warmupTime>0.5</warmupTime>
        <range>3</range>
        <soundCast>Interact_BeatFire</soundCast>
      </li>
    </verbs>
    <tools>
      <li>
        <label>handle</label>
        <capacities>
          <li>Blunt</li>
        </capacities>
        <power>7</power>
        <cooldownTime>2</cooldownTime>
      </li>
      <li>
        <label>point</label>
        <capacities>
          <li>Stab</li>
        </capacities>
        <power>12</power>
        <cooldownTime>2.7</cooldownTime>
      </li>
    <li>
        <label>blade</label>
        <capacities>
          <li>Cut</li>
        </capacities>
        <power>15</power>
        <cooldownTime>2.5</cooldownTime>
      </li>
    </tools>
  </ThingDef>

<!-- Cleaver Spear -->

  <ThingDef ParentName="BaseMeleeWeapon_Sharp_Quality">
    <defName>SU_MeleeWeapon_CleaverSpear</defName>
    <label>Cleaver Spear</label>
    <description>Wield the mighty spear, yes yes!</description>
    <graphicData>
      <texPath>Things/Weapons/Melee/CleaverSpear</texPath>
      <graphicClass>Graphic_Single</graphicClass>
    <shaderType>CutoutComplex</shaderType>
    </graphicData>
    <techLevel>Medieval</techLevel>
    <costList>
      <WoodLog>25</WoodLog>
    </costList>
    <costStuffCount>40</costStuffCount>
    <statBases>
      <WorkToMake>8000</WorkToMake>
      <Mass>4</Mass>
      <AccuracyTouch>0.7</AccuracyTouch>
      <AccuracyShort>0.7</AccuracyShort>
      <AccuracyMedium>0.7</AccuracyMedium>
      <AccuracyLong>0.6</AccuracyLong>
      <RangedWeapon_Cooldown>1.8</RangedWeapon_Cooldown>
    </statBases>
    <equippedAngleOffset>-65</equippedAngleOffset>
    <recipeMaker>
      <skillRequirements>
        <Crafting>4</Crafting>
      </skillRequirements>
      <researchPrerequisite>SkavenWeaponsTwo</researchPrerequisite>
    </recipeMaker>
    <stuffCategories>
      <li>Metallic</li>
    </stuffCategories>
    <weaponTags>
      <li>SkavenStormvermin</li>
    </weaponTags>
    <verbs>
      <li>
        <verbClass>Verb_Shoot</verbClass>
        <hasStandardCommand>true</hasStandardCommand>
        <defaultProjectile>Skaven_BardicheStab</defaultProjectile>
        <warmupTime>0.5</warmupTime>
        <range>3</range>
        <soundCast>Interact_BeatFire</soundCast>
      </li>
    </verbs>
    <tools>
      <li>
        <label>handle</label>
        <capacities>
          <li>Blunt</li>
        </capacities>
        <power>7</power>
        <cooldownTime>2</cooldownTime>
      </li>
      <li>
        <label>point</label>
        <capacities>
          <li>Stab</li>
        </capacities>
        <power>12</power>
        <cooldownTime>2.7</cooldownTime>
      </li>
    <li>
        <label>blade</label>
        <capacities>
          <li>Cut</li>
        </capacities>
        <power>15</power>
        <cooldownTime>2.5</cooldownTime>
      </li>
    </tools>
  </ThingDef>

<!-- Hook Spear -->

  <ThingDef ParentName="BaseMeleeWeapon_Sharp_Quality">
    <defName>SU_MeleeWeapon_HookSpear</defName>
    <label>Hook Spear</label>
    <description>Wield the mighty spear, yes yes!</description>
    <graphicData>
      <texPath>Things/Weapons/Melee/HookSpear</texPath>
      <graphicClass>Graphic_Single</graphicClass>
    <shaderType>CutoutComplex</shaderType>
    </graphicData>
    <techLevel>Medieval</techLevel>
    <costList>
      <WoodLog>25</WoodLog>
    </costList>
    <costStuffCount>40</costStuffCount>
    <statBases>
      <WorkToMake>8000</WorkToMake>
      <Mass>4</Mass>
      <AccuracyTouch>0.7</AccuracyTouch>
      <AccuracyShort>0.7</AccuracyShort>
      <AccuracyMedium>0.7</AccuracyMedium>
      <AccuracyLong>0.6</AccuracyLong>
      <RangedWeapon_Cooldown>1.8</RangedWeapon_Cooldown>
    </statBases>
    <equippedAngleOffset>-65</equippedAngleOffset>
    <recipeMaker>
      <skillRequirements>
        <Crafting>4</Crafting>
      </skillRequirements>
      <researchPrerequisite>SkavenWeaponsTwo</researchPrerequisite>
    </recipeMaker>
    <stuffCategories>
      <li>Metallic</li>
    </stuffCategories>
    <weaponTags>
      <li>SkavenStormvermin</li>
    </weaponTags>
    <verbs>
      <li>
        <verbClass>Verb_Shoot</verbClass>
        <hasStandardCommand>true</hasStandardCommand>
        <defaultProjectile>Skaven_BardicheStab</defaultProjectile>
        <warmupTime>0.5</warmupTime>
        <range>3</range>
        <soundCast>Interact_BeatFire</soundCast>
      </li>
    </verbs>
    <tools>
      <li>
        <label>handle</label>
        <capacities>
          <li>Blunt</li>
        </capacities>
        <power>7</power>
        <cooldownTime>2</cooldownTime>
      </li>
      <li>
        <label>point</label>
        <capacities>
          <li>Stab</li>
        </capacities>
        <power>12</power>
        <cooldownTime>2.7</cooldownTime>
      </li>
    <li>
        <label>blade</label>
        <capacities>
          <li>Cut</li>
        </capacities>
        <power>15</power>
        <cooldownTime>2.5</cooldownTime>
      </li>
    </tools>
  </ThingDef>

<!-- Serrated Spear -->

  <ThingDef ParentName="BaseMeleeWeapon_Sharp_Quality">
    <defName>SU_MeleeWeapon_SerratedSpear</defName>
    <label>Serrated Spear</label>
    <description>Wield the mighty spear, yes yes!</description>
    <graphicData>
      <texPath>Things/Weapons/Melee/SerratedSpear</texPath>
      <graphicClass>Graphic_Single</graphicClass>
    <shaderType>CutoutComplex</shaderType>
    </graphicData>
    <techLevel>Medieval</techLevel>
    <costList>
      <WoodLog>25</WoodLog>
    </costList>
    <costStuffCount>40</costStuffCount>
    <statBases>
      <WorkToMake>8000</WorkToMake>
      <Mass>4</Mass>
      <AccuracyTouch>0.7</AccuracyTouch>
      <AccuracyShort>0.7</AccuracyShort>
      <AccuracyMedium>0.7</AccuracyMedium>
      <AccuracyLong>0.6</AccuracyLong>
      <RangedWeapon_Cooldown>1.8</RangedWeapon_Cooldown>
    </statBases>
    <equippedAngleOffset>-65</equippedAngleOffset>
    <recipeMaker>
      <skillRequirements>
        <Crafting>4</Crafting>
      </skillRequirements>
      <researchPrerequisite>SkavenWeaponsTwo</researchPrerequisite>
    </recipeMaker>
    <stuffCategories>
      <li>Metallic</li>
    </stuffCategories>
    <weaponTags>
      <li>SkavenStormvermin</li>
    </weaponTags>
    <verbs>
      <li>
        <verbClass>Verb_Shoot</verbClass>
        <hasStandardCommand>true</hasStandardCommand>
        <defaultProjectile>Skaven_BardicheStab</defaultProjectile>
        <warmupTime>0.5</warmupTime>
        <range>3</range>
        <soundCast>Interact_BeatFire</soundCast>
      </li>
    </verbs>
    <tools>
      <li>
        <label>handle</label>
        <capacities>
          <li>Blunt</li>
        </capacities>
        <power>7</power>
        <cooldownTime>2</cooldownTime>
      </li>
      <li>
        <label>point</label>
        <capacities>
          <li>Stab</li>
        </capacities>
        <power>12</power>
        <cooldownTime>2.7</cooldownTime>
      </li>
    <li>
        <label>blade</label>
        <capacities>
          <li>Cut</li>
        </capacities>
        <power>15</power>
        <cooldownTime>2.5</cooldownTime>
      </li>
    </tools>
  </ThingDef>

<!-- Runed Blade -->

  <ThingDef ParentName="BaseMeleeWeapon_Sharp_Quality">
    <defName>SU_MeleeWeapon_RunedBlade</defName>
    <label>Runed Blade</label>
    <description>A dangerous blade. This weapon can be unwieldy to use but it's hits can be deadly.</description>
    <graphicData>
      <texPath>Things/Weapons/Melee/RunedBlade</texPath>
      <graphicClass>Graphic_Single</graphicClass>
	  <shaderType>CutoutComplex</shaderType>
    </graphicData>
    <techLevel>Medieval</techLevel>
    <costList>
      <WoodLog>25</WoodLog>
    </costList>
    <costStuffCount>60</costStuffCount>
    <statBases>
      <WorkToMake>8000</WorkToMake>
      <Mass>3</Mass>
    </statBases>
    <equippedAngleOffset>-65</equippedAngleOffset>
    <recipeMaker>
      <skillRequirements>
        <Crafting>3</Crafting>
      </skillRequirements>
      <researchPrerequisite>SkavenWeaponsTwo</researchPrerequisite>
    </recipeMaker>
    <stuffCategories>
      <li>Metallic</li>
    </stuffCategories>
    <weaponTags>
      <li>SkavenFlail</li>
    </weaponTags>
    <tools>
      <li>
        <label>point</label>
        <capacities>
          <li>Stab</li>
        </capacities>
        <power>14</power>
        <cooldownTime>1.4</cooldownTime>
        <armorPenetration>0.50</armorPenetration>
      </li>
      <li>
        <label>edge</label>
        <capacities>
          <li>Cut</li>
        </capacities>
        <power>13</power>
        <cooldownTime>2</cooldownTime>
      </li>
    </tools>
  </ThingDef>

<!-- Skaven Sword One -->

  <ThingDef ParentName="BaseMeleeWeapon_Sharp_Quality">
    <defName>SU_MeleeWeapon_SkavenSwordOne</defName>
    <label>Slay slay!</label>
    <description>A dangerous blade. This weapon can be unwieldy to use but it's hits can be deadly.</description>
    <graphicData>
      <texPath>Things/Weapons/Melee/SkavenSwordOne</texPath>
      <graphicClass>Graphic_Single</graphicClass>
    <shaderType>CutoutComplex</shaderType>
    </graphicData>
    <techLevel>Medieval</techLevel>
    <costList>
      <WoodLog>25</WoodLog>
    </costList>
    <costStuffCount>60</costStuffCount>
    <statBases>
      <WorkToMake>8000</WorkToMake>
      <Mass>3</Mass>
    </statBases>
    <equippedAngleOffset>-65</equippedAngleOffset>
    <recipeMaker>
      <skillRequirements>
        <Crafting>3</Crafting>
      </skillRequirements>
      <researchPrerequisite>SkavenWeaponsTwo</researchPrerequisite>
    </recipeMaker>
    <stuffCategories>
      <li>Metallic</li>
    </stuffCategories>
    <weaponTags>
      <li>SkavenFlail</li>
    </weaponTags>
    <tools>
      <li>
        <label>point</label>
        <capacities>
          <li>Stab</li>
        </capacities>
        <power>12</power>
        <cooldownTime>1.4</cooldownTime>
        <armorPenetration>0.50</armorPenetration>
      </li>
      <li>
        <label>edge</label>
        <capacities>
          <li>Cut</li>
        </capacities>
        <power>11</power>
        <cooldownTime>2</cooldownTime>
      </li>
    </tools>
  </ThingDef>

<!-- Skaven Sword Two -->

  <ThingDef ParentName="BaseMeleeWeapon_Sharp_Quality">
    <defName>SU_MeleeWeapon_SkavenSwordTwo</defName>
    <label>Die die!</label>
    <description>A dangerous blade. This weapon can be unwieldy to use but it's hits can be deadly.</description>
    <graphicData>
      <texPath>Things/Weapons/Melee/SkavenSwordTwo</texPath>
      <graphicClass>Graphic_Single</graphicClass>
    <shaderType>CutoutComplex</shaderType>
    </graphicData>
    <techLevel>Medieval</techLevel>
    <costList>
      <WoodLog>25</WoodLog>
    </costList>
    <costStuffCount>60</costStuffCount>
    <statBases>
      <WorkToMake>8000</WorkToMake>
      <Mass>3</Mass>
    </statBases>
    <equippedAngleOffset>-65</equippedAngleOffset>
    <recipeMaker>
      <skillRequirements>
        <Crafting>3</Crafting>
      </skillRequirements>
      <researchPrerequisite>SkavenWeaponsTwo</researchPrerequisite>
    </recipeMaker>
    <stuffCategories>
      <li>Metallic</li>
    </stuffCategories>
    <weaponTags>
      <li>SkavenFlail</li>
    </weaponTags>
    <tools>
      <li>
        <label>point</label>
        <capacities>
          <li>Stab</li>
        </capacities>
        <power>12</power>
        <cooldownTime>1.4</cooldownTime>
        <armorPenetration>0.50</armorPenetration>
      </li>
      <li>
        <label>edge</label>
        <capacities>
          <li>Cut</li>
        </capacities>
        <power>11</power>
        <cooldownTime>2</cooldownTime>
      </li>
    </tools>
  </ThingDef>

<!-- Skaven Sword Three -->

  <ThingDef ParentName="BaseMeleeWeapon_Sharp_Quality">
    <defName>SU_MeleeWeapon_SkavenSwordThree</defName>
    <label>Kill die!</label>
    <description>A dangerous blade. This weapon can be unwieldy to use but it's hits can be deadly.</description>
    <graphicData>
      <texPath>Things/Weapons/Melee/SkavenSwordThree</texPath>
      <graphicClass>Graphic_Single</graphicClass>
    <shaderType>CutoutComplex</shaderType>
    </graphicData>
    <techLevel>Medieval</techLevel>
    <costList>
      <WoodLog>25</WoodLog>
    </costList>
    <costStuffCount>60</costStuffCount>
    <statBases>
      <WorkToMake>8000</WorkToMake>
      <Mass>3</Mass>
    </statBases>
    <equippedAngleOffset>-65</equippedAngleOffset>
    <recipeMaker>
      <skillRequirements>
        <Crafting>3</Crafting>
      </skillRequirements>
      <researchPrerequisite>SkavenWeaponsTwo</researchPrerequisite>
    </recipeMaker>
    <stuffCategories>
      <li>Metallic</li>
    </stuffCategories>
    <weaponTags>
      <li>SkavenFlail</li>
    </weaponTags>
    <tools>
      <li>
        <label>point</label>
        <capacities>
          <li>Stab</li>
        </capacities>
        <power>12</power>
        <cooldownTime>1.4</cooldownTime>
        <armorPenetration>0.50</armorPenetration>
      </li>
      <li>
        <label>edge</label>
        <capacities>
          <li>Cut</li>
        </capacities>
        <power>11</power>
        <cooldownTime>2</cooldownTime>
      </li>
    </tools>
  </ThingDef>

<!-- Warpstone Sword One -->

  <ThingDef ParentName="BaseMeleeWeapon_Sharp_Quality">
    <defName>SU_MeleeWeapon_WarpstoneSwordOne</defName>
    <label>Warpstone Slasher</label>
    <description>A dangerous blade. This weapon can be unwieldy to use but it's hits can be deadly.</description>
    <graphicData>
      <texPath>Things/Weapons/Melee/WarpstoneSwordOne</texPath>
      <graphicClass>Graphic_Single</graphicClass>
    <shaderType>CutoutComplex</shaderType>
    </graphicData>
    <techLevel>Medieval</techLevel>
    <costList>
      <WoodLog>25</WoodLog>
    </costList>
    <costStuffCount>60</costStuffCount>
    <statBases>
      <WorkToMake>8000</WorkToMake>
      <Mass>3</Mass>
    </statBases>
    <equippedAngleOffset>-65</equippedAngleOffset>
    <recipeMaker>
      <skillRequirements>
        <Crafting>3</Crafting>
      </skillRequirements>
      <researchPrerequisite>SkavenWeaponsTwo</researchPrerequisite>
    </recipeMaker>
    <stuffCategories>
      <li>Metallic</li>
    </stuffCategories>
    <weaponTags>
      <li>SkavenFlail</li>
    </weaponTags>
    <tools>
      <li>
        <label>point</label>
        <capacities>
          <li>Stab</li>
        </capacities>
        <power>16</power>
        <cooldownTime>1.4</cooldownTime>
        <armorPenetration>0.50</armorPenetration>
      </li>
      <li>
        <label>edge</label>
        <capacities>
          <li>Cut</li>
        </capacities>
        <power>17</power>
        <cooldownTime>2</cooldownTime>
      </li>
    </tools>
  </ThingDef>

<!-- Warpstone Sword Two -->

  <ThingDef ParentName="BaseMeleeWeapon_Sharp_Quality">
    <defName>SU_MeleeWeapon_WarpstoneSwordTwo</defName>
    <label>Warpstone Slicer</label>
    <description>A dangerous blade. This weapon can be unwieldy to use but it's hits can be deadly.</description>
    <graphicData>
      <texPath>Things/Weapons/Melee/WarpstoneSwordTwo</texPath>
      <graphicClass>Graphic_Single</graphicClass>
    <shaderType>CutoutComplex</shaderType>
    </graphicData>
    <techLevel>Medieval</techLevel>
    <costList>
      <WoodLog>25</WoodLog>
    </costList>
    <costStuffCount>60</costStuffCount>
    <statBases>
      <WorkToMake>8000</WorkToMake>
      <Mass>3</Mass>
    </statBases>
    <equippedAngleOffset>-65</equippedAngleOffset>
    <recipeMaker>
      <skillRequirements>
        <Crafting>3</Crafting>
      </skillRequirements>
      <researchPrerequisite>SkavenWeaponsTwo</researchPrerequisite>
    </recipeMaker>
    <stuffCategories>
      <li>Metallic</li>
    </stuffCategories>
    <weaponTags>
      <li>SkavenFlail</li>
    </weaponTags>
    <tools>
      <li>
        <label>point</label>
        <capacities>
          <li>Stab</li>
        </capacities>
        <power>16</power>
        <cooldownTime>1.4</cooldownTime>
        <armorPenetration>0.50</armorPenetration>
      </li>
      <li>
        <label>edge</label>
        <capacities>
          <li>Cut</li>
        </capacities>
        <power>17</power>
        <cooldownTime>2</cooldownTime>
      </li>
    </tools>
  </ThingDef>

<!-- Warpstone Sword Three -->

  <ThingDef ParentName="BaseMeleeWeapon_Sharp_Quality">
    <defName>SU_MeleeWeapon_WarpstoneSwordThree</defName>
    <label>Warpstone Blade</label>
    <description>A dangerous blade. This weapon can be unwieldy to use but it's hits can be deadly.</description>
    <graphicData>
      <texPath>Things/Weapons/Melee/WarpstoneSwordThree</texPath>
      <graphicClass>Graphic_Single</graphicClass>
    <shaderType>CutoutComplex</shaderType>
    </graphicData>
    <techLevel>Medieval</techLevel>
    <costList>
      <WoodLog>25</WoodLog>
    </costList>
    <costStuffCount>60</costStuffCount>
    <statBases>
      <WorkToMake>8000</WorkToMake>
      <Mass>3</Mass>
    </statBases>
    <equippedAngleOffset>-65</equippedAngleOffset>
    <recipeMaker>
      <skillRequirements>
        <Crafting>3</Crafting>
      </skillRequirements>
      <researchPrerequisite>SkavenWeaponsTwo</researchPrerequisite>
    </recipeMaker>
    <stuffCategories>
      <li>Metallic</li>
    </stuffCategories>
    <weaponTags>
      <li>SkavenFlail</li>
    </weaponTags>
    <tools>
      <li>
        <label>point</label>
        <capacities>
          <li>Stab</li>
        </capacities>
        <power>16</power>
        <cooldownTime>1.4</cooldownTime>
        <armorPenetration>0.50</armorPenetration>
      </li>
      <li>
        <label>edge</label>
        <capacities>
          <li>Cut</li>
        </capacities>
        <power>17</power>
        <cooldownTime>2</cooldownTime>
      </li>
    </tools>
  </ThingDef>

<!-- Warp Blessed Sword -->

  <ThingDef ParentName="BaseMeleeWeapon_Sharp_Quality">
    <defName>SU_MeleeWeapon_WarpBlessedSword</defName>
    <label>Warpstone Blessed Sword</label>
    <description>A dangerous blade. This weapon can be unwieldy to use but it's hits can be deadly.</description>
    <graphicData>
      <texPath>Things/Weapons/Melee/WarpBlessedSword</texPath>
      <graphicClass>Graphic_Single</graphicClass>
    <shaderType>CutoutComplex</shaderType>
    </graphicData>
    <techLevel>Medieval</techLevel>
    <costList>
      <WoodLog>25</WoodLog>
    </costList>
    <costStuffCount>60</costStuffCount>
    <statBases>
      <WorkToMake>8000</WorkToMake>
      <Mass>3</Mass>
    </statBases>
    <equippedAngleOffset>-65</equippedAngleOffset>
    <recipeMaker>
      <skillRequirements>
        <Crafting>3</Crafting>
      </skillRequirements>
      <researchPrerequisite>SkavenWeaponsTwo</researchPrerequisite>
    </recipeMaker>
    <stuffCategories>
      <li>Metallic</li>
    </stuffCategories>
    <weaponTags>
      <li>SkavenFlail</li>
    </weaponTags>
    <tools>
      <li>
        <label>point</label>
        <capacities>
          <li>Stab</li>
        </capacities>
        <power>20</power>
        <cooldownTime>1.4</cooldownTime>
        <armorPenetration>0.50</armorPenetration>
      </li>
      <li>
        <label>edge</label>
        <capacities>
          <li>Cut</li>
        </capacities>
        <power>24</power>
        <cooldownTime>2</cooldownTime>
      </li>
    </tools>
  </ThingDef>

<!-- Warp flail One -->

  <ThingDef ParentName="BaseMeleeWeapon_Blunt_Quality">
    <defName>SU_MeleeWeapon_WarpflailOne</defName>
    <label>Warpstone Flail</label>
    <description>A dangerous flail. This weapon can be unwieldy to use but it's hits can be deadly.</description>
    <graphicData>
      <texPath>Things/Weapons/Melee/WarpflailOne</texPath>
      <graphicClass>Graphic_Single</graphicClass>
    <shaderType>CutoutComplex</shaderType>
    </graphicData>
    <techLevel>Medieval</techLevel>
    <costList>
      <WoodLog>25</WoodLog>
    </costList>
    <costStuffCount>60</costStuffCount>
    <statBases>
      <WorkToMake>8000</WorkToMake>
      <Mass>3</Mass>
    </statBases>
    <equippedAngleOffset>-65</equippedAngleOffset>
    <recipeMaker>
      <skillRequirements>
        <Crafting>3</Crafting>
      </skillRequirements>
      <researchPrerequisite>SkavenWeaponsTwo</researchPrerequisite>
    </recipeMaker>
    <stuffCategories>
      <li>Metallic</li>
    </stuffCategories>
    <weaponTags>
      <li>SkavenFlail</li>
    </weaponTags>
    <tools>
      <li>
        <label>handle</label>
        <capacities>
          <li>Poke</li>
        </capacities>
        <power>12</power>
        <cooldownTime>2</cooldownTime>
      </li>
      <li>
        <label>ball</label>
        <labelUsedInLogging>false</labelUsedInLogging>
        <capacities>
          <li>Blunt</li>
        </capacities>
        <power>32</power>
        <cooldownTime>2.9</cooldownTime>
      </li>
    </tools>
  </ThingDef>

<!-- Warp flail Two -->

  <ThingDef ParentName="BaseMeleeWeapon_Blunt_Quality">
    <defName>SU_MeleeWeapon_WarpflailTwo</defName>
    <label>Warpstone Crusher Flail</label>
    <description>A dangerous flail. This weapon can be unwieldy to use but it's hits can be deadly.</description>
    <graphicData>
      <texPath>Things/Weapons/Melee/WarpflailTwo</texPath>
      <graphicClass>Graphic_Single</graphicClass>
    <shaderType>CutoutComplex</shaderType>
    </graphicData>
    <techLevel>Medieval</techLevel>
    <costList>
      <WoodLog>25</WoodLog>
    </costList>
    <costStuffCount>60</costStuffCount>
    <statBases>
      <WorkToMake>8000</WorkToMake>
      <Mass>3</Mass>
    </statBases>
    <equippedAngleOffset>-65</equippedAngleOffset>
    <recipeMaker>
      <skillRequirements>
        <Crafting>3</Crafting>
      </skillRequirements>
      <researchPrerequisite>SkavenWeaponsTwo</researchPrerequisite>
    </recipeMaker>
    <stuffCategories>
      <li>Metallic</li>
    </stuffCategories>
    <weaponTags>
      <li>SkavenFlail</li>
    </weaponTags>
    <tools>
      <li>
        <label>handle</label>
        <capacities>
          <li>Poke</li>
        </capacities>
        <power>12</power>
        <cooldownTime>2</cooldownTime>
      </li>
      <li>
        <label>ball</label>
        <labelUsedInLogging>false</labelUsedInLogging>
        <capacities>
          <li>Blunt</li>
        </capacities>
        <power>32</power>
        <cooldownTime>2.9</cooldownTime>
      </li>
    </tools>
  </ThingDef>

<!-- Doom Hammer -->

  <ThingDef ParentName="BaseMeleeWeapon_Blunt_Quality">
    <defName>SU_MeleeWeapon_DoomHammer</defName>
    <label>Doom Hammer</label>
    <description>Crush, Crush!</description>
    <graphicData>
      <texPath>Things/Weapons/Melee/DoomHammer</texPath>
      <graphicClass>Graphic_Single</graphicClass>
    <shaderType>CutoutComplex</shaderType>
    </graphicData>
    <techLevel>Medieval</techLevel>
    <costList>
      <WoodLog>50</WoodLog>
    </costList>
    <costStuffCount>150</costStuffCount>
    <statBases>
      <WorkToMake>8000</WorkToMake>
      <Mass>3</Mass>
    </statBases>
    <equippedAngleOffset>-65</equippedAngleOffset>
    <recipeMaker>
      <skillRequirements>
        <Crafting>3</Crafting>
      </skillRequirements>
      <researchPrerequisite>SkavenWeaponsTwo</researchPrerequisite>
    </recipeMaker>
    <stuffCategories>
      <li>Metallic</li>
    </stuffCategories>
    <weaponTags>
      <li>SkavenFlail</li>
    </weaponTags>
    <tools>
      <li>
        <label>handle</label>
        <capacities>
          <li>Poke</li>
        </capacities>
        <power>17</power>
        <cooldownTime>2</cooldownTime>
      </li>
      <li>
        <label>Basher</label>
        <labelUsedInLogging>false</labelUsedInLogging>
        <capacities>
          <li>Blunt</li>
        </capacities>
        <power>38</power>
        <cooldownTime>2.7</cooldownTime>
      </li>
    </tools>
  </ThingDef>

<!-- Skaven Flag -->

  <ThingDef ParentName="BaseMeleeWeapon_Blunt_Quality">
    <defName>SU_MeleeWeapon_SkavenFlag</defName>
    <label>Skaven Standard</label>
    <description>Let them know the Bell tolls!</description>
    <graphicData>
      <texPath>Things/Weapons/Melee/SkavenFlag</texPath>
      <graphicClass>Graphic_Single</graphicClass>
    <shaderType>CutoutComplex</shaderType>
    </graphicData>
    <techLevel>Medieval</techLevel>
    <costList>
      <WoodLog>50</WoodLog>
	  <Cloth>60</Cloth>
    </costList>
    <statBases>
      <WorkToMake>8000</WorkToMake>
      <Mass>3</Mass>
    </statBases>
    <equippedAngleOffset>-65</equippedAngleOffset>
    <recipeMaker>
      <skillRequirements>
        <Crafting>3</Crafting>
      </skillRequirements>
      <researchPrerequisite>SkavenWeaponsTwo</researchPrerequisite>
    </recipeMaker>
	<equippedStatOffsets>
			<PsychicSensitivity>-0.50</PsychicSensitivity>
			<MoveSpeed>0.15</MoveSpeed>
			<MentalBreakThreshold>-0.50</MentalBreakThreshold>
			<MeleeHitChance>0.15</MeleeHitChance>
			<NegotiationAbility>0.15</NegotiationAbility>
			<SocialImpact>0.2</SocialImpact>
			<TradePriceImprovement>0.085</TradePriceImprovement>
			<MedicalPotency>0.15</MedicalPotency>
			<MedicalSurgerySuccessChance>0.15</MedicalSurgerySuccessChance>
			<MedicalTendQuality>0.15</MedicalTendQuality>
			<MedicalTendSpeed>0.15</MedicalTendSpeed>
			<MedicalOperationSpeed>0.18</MedicalOperationSpeed>
	</equippedStatOffsets>
    <weaponTags>
      <li>SkavenFlail</li>
    </weaponTags>
    <tools>
      <li>
        <label>handle</label>
        <capacities>
          <li>Poke</li>
        </capacities>
        <power>14</power>
        <cooldownTime>2</cooldownTime>
      </li>
      <li>
        <label>Handle</label>
        <labelUsedInLogging>false</labelUsedInLogging>
        <capacities>
          <li>Blunt</li>
        </capacities>
        <power>14</power>
        <cooldownTime>2</cooldownTime>
      </li>
    </tools>
  </ThingDef>

</Defs>